steam_appid,game_name,category,developer,publisher,release_date,platforms,genres,steam_categories
2868840,Slay the Spire 2,personal,Mega Crit,Mega Crit,"5 Mar, 2026",windows|mac|linux,Indie|Strategy|Early Access,Single-player|Multi-player|Co-op|Online Co-op|Full controller support|Custom Volume Controls|Mouse Only Option|Playable without Timed Input|DualSense Controller Support|Save Anytime|Steam Input API Support|Steam Cloud|Stats|Steam Leaderboards|Family Sharing
3241660,R.E.P.O.,trending,semiwork,semiwork,"26 Feb, 2025",windows,Action|Early Access,Single-player|Multi-player|Co-op|Online Co-op|Camera Comfort|Custom Volume Controls|Playable without Timed Input|Stereo Sound|Steam Cloud|Family Sharing
322170,Geometry Dash,trending,RobTop Games,RobTop Games,"22 Dec, 2014",windows|mac,Action|Indie,Single-player|Steam Achievements|Steam Trading Cards|Partial Controller Support|Includes level editor|Remote Play on Phone|Remote Play on Tablet|Family Sharing
1808500,ARC Raiders,trending,Embark Studios,Embark Studios,"30 Oct, 2025",windows,Action,Multi-player|PvP|Online PvP|Co-op|Online Co-op|Cross-Platform Multiplayer|Steam Achievements|Full controller support|In-App Purchases|DualShock Controller Support|DualShock Controller Support|DualSense Controller Support|DualSense Controller Support|Stats|Family Sharing
252490,Rust,personal,Facepunch Studios,Facepunch Studios,"8 Feb, 2018",windows|mac,Action|Adventure|Indie|Massively Multiplayer|RPG,Multi-player|MMO|PvP|Online PvP|Co-op|Online Co-op|Cross-Platform Multiplayer|Steam Achievements|Steam Trading Cards|Steam Workshop|In-App Purchases|Adjustable Text Size|Camera Comfort|Color Alternatives|Custom Volume Controls|Adjustable Difficulty|Stereo Sound|Subtitle Options|Surround Sound|Valve Anti-Cheat enabled|Stats|Remote Play on Tablet
381210,Dead by Daylight,personal,Behaviour Interactive Inc.,Behaviour Interactive Inc.,"14 Jun, 2016",windows,Action,Multi-player|PvP|Online PvP|Co-op|Online Co-op|Cross-Platform Multiplayer|Steam Achievements|Full controller support|Steam Trading Cards|Color Alternatives|Custom Volume Controls|Steam Input API Support|Stereo Sound|Subtitle Options|Surround Sound|Steam Cloud|Remote Play on Phone|Remote Play on Tablet|Remote Play on TV|Family Sharing
3405690,EA SPORTS FC™ 26,personal,EA Canada|EA Romania,Electronic Arts,"25 Sep, 2025",windows,Simulation|Sports,Single-player|Multi-player|PvP|Online PvP|Shared/Split Screen PvP|Co-op|Online Co-op|Shared/Split Screen Co-op|Shared/Split Screen|Cross-Platform Multiplayer|Steam Achievements|Full controller support|In-App Purchases|Chat Speech-to-text|Adjustable Difficulty|Keyboard Only Option|DualShock Controller Support|DualSense Controller Support|DualSense Controller Support|Stereo Sound|Subtitle Options|HDR available
413150,Stardew Valley,personal,ConcernedApe,ConcernedApe,"26 Feb, 2016",windows|mac|linux,Indie|RPG|Simulation,Single-player|Multi-player|Co-op|Online Co-op|LAN Co-op|Shared/Split Screen Co-op|Shared/Split Screen|Steam Achievements|Full controller support|Steam Trading Cards|Steam Cloud|Remote Play on Phone|Remote Play on Tablet|Remote Play Together|Family Sharing
2807960,Battlefield™ 6,trending,Battlefield Studios,Electronic Arts,"10 Oct, 2025",windows,Action,Single-player|Multi-player|PvP|Online PvP|Cross-Platform Multiplayer|Steam Achievements|Full controller support|In-App Purchases|Camera Comfort|Chat Speech-to-text|Chat Text-to-speech|Color Alternatives|Custom Volume Controls|Adjustable Difficulty|Keyboard Only Option|Playable without Timed Input|DualShock Controller Support|DualSense Controller Support|DualSense Controller Support|Stereo Sound|Subtitle Options|Surround Sound|Steam Cloud|HDR available
553850,HELLDIVERS™ 2,personal,Arrowhead Game Studios,PlayStation Publishing LLC,"8 Feb, 2024",windows,Action,Multi-player|Co-op|Online Co-op|Steam Achievements|In-App Purchases|Adjustable Text Size|Camera Comfort|Chat Speech-to-text|Chat Text-to-speech|Color Alternatives|Custom Volume Controls|Adjustable Difficulty|Narrated Game Menus|Playable without Timed Input|DualShock Controller Support|DualSense Controller Support|DualSense Controller Support|Stereo Sound|Subtitle Options|Surround Sound|Partial Controller Support|Family Sharing
3240220,Grand Theft Auto V Enhanced,personal,Rockstar North,Rockstar Games,"4 Mar, 2025",windows,Action|Adventure|Racing,Single-player|Multi-player|PvP|Online PvP|Co-op|Online Co-op|Steam Achievements|In-App Purchases|DualSense Controller Support|DualSense Controller Support|Partial Controller Support|Remote Play on Phone|Remote Play on Tablet
105600,Terraria,personal,Re-Logic,Re-Logic,"16 May, 2011",windows|mac|linux,Action|Adventure|Indie|RPG,Single-player|Multi-player|PvP|Online PvP|Co-op|Online Co-op|Steam Achievements|Full controller support|Steam Trading Cards|Steam Cloud|Remote Play on Phone|Remote Play on Tablet|Remote Play on TV|Family Sharing
3321460,Crimson Desert,trending,Pearl Abyss,Pearl Abyss,"19 Mar, 2026",windows|mac,Action|Adventure,Single-player|Steam Achievements|Full controller support|Custom Volume Controls|Gamepad Recommended|DualSense Controller Support|Save Anytime|Stereo Sound|Subtitle Options|Surround Sound|Steam Cloud|HDR available|Family Sharing
3041230,Windrose,trending,Kraken Express,Kraken Express|Pocketpair Publishing (Japan),"14 Apr, 2026",windows,Action|Adventure|RPG|Early Access,Single-player|Multi-player|Co-op|Online Co-op|Full controller support|Custom Volume Controls|Adjustable Difficulty|Playable without Timed Input|Stereo Sound|Steam Cloud|Family Sharing
227300,Euro Truck Simulator 2,trending,SCS Software,SCS Software,"12 Oct, 2012",windows|mac|linux,Indie|Simulation,Single-player|Multi-player|Co-op|Online Co-op|Steam Achievements|Steam Trading Cards|Steam Workshop|Camera Comfort|Custom Volume Controls|Adjustable Difficulty|Keyboard Only Option|Playable without Timed Input|Save Anytime|Steam Input API Support|Stereo Sound|Surround Sound|Partial Controller Support|Steam Cloud|Includes level editor|Remote Play on Phone|Remote Play on Tablet|Remote Play Together|Family Sharing
1086940,Baldur's Gate 3,personal,Larian Studios,Larian Studios,"3 Aug, 2023",windows|mac,Adventure|RPG|Strategy,Single-player|Multi-player|Co-op|Online Co-op|LAN Co-op|Cross-Platform Multiplayer|Steam Achievements|Full controller support|Steam Trading Cards|Adjustable Text Size|Camera Comfort|Color Alternatives|Custom Volume Controls|Adjustable Difficulty|Playable without Timed Input|DualShock Controller Support|DualShock Controller Support|DualSense Controller Support|DualSense Controller Support|Save Anytime|Stereo Sound|Subtitle Options|Surround Sound|Steam Cloud|Remote Play on TV|Remote Play Together|Family Sharing
550,Left 4 Dead 2,personal,Valve,Valve,"16 Nov, 2009",windows|linux,Action,Single-player|Multi-player|PvP|Online PvP|Co-op|Online Co-op|Steam Achievements|Full controller support|Steam Trading Cards|Captions available|Steam Workshop|Camera Comfort|Color Alternatives|Custom Volume Controls|Adjustable Difficulty|Playable without Timed Input|DualShock Controller Support|DualShock Controller Support|DualSense Controller Support|DualSense Controller Support|Steam Input API Support|Stereo Sound|Surround Sound|Steam Cloud|Valve Anti-Cheat enabled|Stats|Includes Source SDK|Commentary available|Remote Play on Phone|Remote Play on Tablet|Remote Play on TV|Remote Play Together|Family Sharing|Steam Timeline
394360,Hearts of Iron IV,trending,Paradox Development Studio,Paradox Interactive,"6 Jun, 2016",windows|mac|linux,Simulation|Strategy,Single-player|Multi-player|Co-op|Cross-Platform Multiplayer|Steam Achievements|Steam Trading Cards|Steam Workshop|Steam Cloud|Remote Play on Tablet|Family Sharing
1245620,ELDEN RING,personal,"FromSoftware, Inc.","FromSoftware, Inc.|Bandai Namco Entertainment","24 Feb, 2022",windows,Action|RPG,Single-player|Multi-player|PvP|Online PvP|Co-op|Online Co-op|Steam Achievements|Full controller support|Steam Trading Cards|Camera Comfort|Custom Volume Controls|Playable without Timed Input|Save Anytime|Stereo Sound|Surround Sound|Steam Cloud|Family Sharing
284160,BeamNG.drive,trending,BeamNG,BeamNG,"29 May, 2015",windows,Racing|Simulation|Early Access,Single-player|Steam Achievements|Steam Trading Cards|Camera Comfort|Custom Volume Controls|Keyboard Only Option|Playable without Timed Input|DualShock Controller Support|DualSense Controller Support|DualSense Controller Support|Stereo Sound|Surround Sound|Partial Controller Support|Steam Cloud|Includes level editor|Remote Play on Phone|Remote Play on Tablet|Remote Play Together|Family Sharing
322330,Don't Starve Together,trending,Klei Entertainment,Klei Entertainment,"21 Apr, 2016",windows|mac|linux,Action|Adventure|Indie|RPG|Simulation|Strategy,Single-player|Multi-player|PvP|Online PvP|LAN PvP|Co-op|Online Co-op|LAN Co-op|Full controller support|Steam Trading Cards|Steam Workshop|In-App Purchases|Adjustable Text Size|Camera Comfort|Color Alternatives|Custom Volume Controls|Adjustable Difficulty|Keyboard Only Option|Mouse Only Option|Playable without Timed Input|Save Anytime|Stereo Sound|Remote Play on Phone|Remote Play on Tablet|Remote Play on TV|Family Sharing
1091500,Cyberpunk 2077,personal,CD PROJEKT RED,CD PROJEKT RED,"9 Dec, 2020",windows|mac,RPG,Single-player|Steam Achievements|Full controller support|Steam Trading Cards|Adjustable Text Size|Camera Comfort|Color Alternatives|Custom Volume Controls|Adjustable Difficulty|Playable without Timed Input|DualShock Controller Support|DualSense Controller Support|DualSense Controller Support|Save Anytime|Stereo Sound|Subtitle Options|Surround Sound|Steam Cloud|HDR available|Family Sharing
3892270,Gamble With Your Friends,trending,TEAM GWYF,TENSTACK,"1 May, 2026",windows,Adventure|Indie|Simulation,Single-player|Multi-player|Co-op|Online Co-op|Steam Achievements|Camera Comfort|Custom Volume Controls|Playable without Timed Input|Stereo Sound|Steam Cloud|Family Sharing
3472040,NBA 2K26,trending,Visual Concepts,2K,"4 Sep, 2025",windows,Sports,Single-player|Multi-player|PvP|Online PvP|Shared/Split Screen PvP|Co-op|Online Co-op|Shared/Split Screen Co-op|Shared/Split Screen|Steam Achievements|In-App Purchases|Camera Comfort|Custom Volume Controls|Adjustable Difficulty|Gamepad Recommended|Keyboard Only Option|DualShock Controller Support|DualShock Controller Support|DualSense Controller Support|DualSense Controller Support|Stereo Sound|Surround Sound|Partial Controller Support|Steam Cloud|Remote Play Together|Family Sharing
250900,The Binding of Isaac: Rebirth,trending,"Nicalis, Inc.|Edmund McMillen","Nicalis, Inc.","4 Nov, 2014",windows|mac|linux,Action,Single-player|Multi-player|Shared/Split Screen|Steam Achievements|Full controller support|Steam Trading Cards|Steam Cloud|Remote Play on TV|Remote Play Together|Family Sharing
3124540,Far Far West,trending,Evil Raptor,Fireshine Games,"28 Apr, 2026",windows,Action|Adventure|Indie|Early Access,Single-player|Multi-player|Co-op|Online Co-op|Camera Comfort|Custom Volume Controls|Adjustable Difficulty|Playable without Timed Input|Stereo Sound|Surround Sound|Partial Controller Support|Steam Cloud|Family Sharing
1174180,Red Dead Redemption 2,personal,Rockstar Games,Rockstar Games,"5 Dec, 2019",windows,Action|Adventure,Single-player|Multi-player|PvP|Online PvP|Co-op|Online Co-op|Steam Achievements|In-App Purchases|Partial Controller Support|Remote Play on Phone|Remote Play on Tablet
4000,Garry's Mod,personal,Facepunch Studios,Valve,"29 Nov, 2006",windows|mac|linux,Casual|Indie|Simulation,Single-player|Multi-player|PvP|Online PvP|LAN PvP|Co-op|Online Co-op|LAN Co-op|Cross-Platform Multiplayer|Steam Achievements|Steam Trading Cards|Captions available|Steam Workshop|Color Alternatives|Custom Volume Controls|Adjustable Difficulty|Playable without Timed Input|Save Anytime|Stereo Sound|Steam Cloud|Valve Anti-Cheat enabled|Includes level editor|Includes Source SDK|Remote Play on Tablet|Family Sharing
3105440,Heroes of Might and Magic: Olden Era,trending,Unfrozen,Hooded Horse,"30 Apr, 2026",windows,RPG|Strategy|Early Access,Single-player|Multi-player|PvP|Online PvP|Shared/Split Screen PvP|Shared/Split Screen|Steam Achievements|Steam Trading Cards|Color Alternatives|Custom Volume Controls|Adjustable Difficulty|Mouse Only Option|Playable without Timed Input|Save Anytime|Surround Sound|Steam Cloud|Remote Play Together|Family Sharing
2344520,Diablo® IV,personal,"Blizzard Entertainment, Inc.","Blizzard Entertainment, Inc.","17 Oct, 2023",windows,Action|Adventure|Casual|Massively Multiplayer|RPG,Single-player|Multi-player|PvP|Online PvP|Co-op|Online Co-op|Cross-Platform Multiplayer|Steam Achievements|Full controller support|In-App Purchases|Adjustable Text Size|Camera Comfort|Color Alternatives|Adjustable Difficulty|Keyboard Only Option|Mouse Only Option|Narrated Game Menus|Playable without Timed Input|DualShock Controller Support|DualSense Controller Support|DualSense Controller Support|Save Anytime|Stereo Sound|Subtitle Options
739630,Phasmophobia,trending,Kinetic Games,Kinetic Games,"18 Sep, 2020",windows,Action|Indie|Early Access,Single-player|Multi-player|Co-op|Online Co-op|Steam Achievements|Full controller support|Tracked Controller Support|VR Supported|Steam Trading Cards|Camera Comfort|Adjustable Difficulty|Playable without Timed Input|DualShock Controller Support|DualShock Controller Support|DualSense Controller Support|DualSense Controller Support|Stereo Sound|Surround Sound|Steam Cloud|Remote Play on Phone|Remote Play on Tablet|Family Sharing
108600,Project Zomboid,trending,The Indie Stone,The Indie Stone,"8 Nov, 2013",windows|mac|linux,Indie|RPG|Simulation|Early Access,Single-player|Multi-player|PvP|Online PvP|Co-op|Online Co-op|Shared/Split Screen Co-op|Shared/Split Screen|Cross-Platform Multiplayer|Steam Trading Cards|Steam Workshop|Partial Controller Support|Steam Cloud|Remote Play Together|Family Sharing
289070,Sid Meier’s Civilization® VI,personal,Firaxis Games|Aspyr (Mac)|Aspyr (Linux),2K|Aspyr (Mac)|Aspyr (Linux),"20 Oct, 2016",windows|mac|linux,Strategy,Single-player|Multi-player|PvP|Online PvP|LAN PvP|Shared/Split Screen PvP|Shared/Split Screen|Cross-Platform Multiplayer|Steam Achievements|Steam Trading Cards|Steam Workshop|In-App Purchases|Steam Turn Notifications|Remote Play on Tablet|Remote Play Together|Family Sharing
1364780,Street Fighter™ 6,personal,"CAPCOM Co., Ltd.","CAPCOM Co., Ltd.","1 Jun, 2023",windows,Action|Adventure,Single-player|Multi-player|PvP|Online PvP|Shared/Split Screen PvP|Shared/Split Screen|Cross-Platform Multiplayer|Steam Achievements|Steam Trading Cards|In-App Purchases|Camera Comfort|Custom Volume Controls|Adjustable Difficulty|Keyboard Only Option|Save Anytime|Stereo Sound|Surround Sound|Partial Controller Support|Steam Cloud|Family Sharing
221100,DayZ,trending,Bohemia Interactive,Bohemia Interactive,"13 Dec, 2018",windows,Action|Adventure|Massively Multiplayer,Multi-player|MMO|PvP|Online PvP|Co-op|Online Co-op|Steam Achievements|Steam Trading Cards|Steam Workshop|Steam Cloud|Valve Anti-Cheat enabled
489830,The Elder Scrolls V: Skyrim Special Edition,personal,Bethesda Game Studios,Bethesda Softworks,"27 Oct, 2016",windows,RPG,Single-player|Steam Achievements|Playable without Timed Input|Save Anytime|Stereo Sound|Surround Sound|Partial Controller Support|Steam Cloud|Remote Play on Phone|Remote Play on Tablet|Family Sharing
440900,Conan Exiles Enhanced,trending,Funcom|Inflexion Games,Funcom,"8 May, 2018",windows,Action|Adventure|Massively Multiplayer|RPG|Simulation|Strategy,Single-player|Multi-player|PvP|Online PvP|Co-op|Online Co-op|Steam Achievements|Full controller support|Steam Trading Cards|Steam Workshop|Remote Play on Tablet|Remote Play on TV|Family Sharing
244210,Assetto Corsa,trending,Kunos Simulazioni,505 Games,"19 Dec, 2014",windows,Indie|Racing|Simulation|Sports,Single-player|Multi-player|PvP|Online PvP|Steam Achievements|VR Supported|Partial Controller Support|Steam Leaderboards|Includes level editor|Family Sharing
4128580,BidKing,trending,MindSurge Network & Games,Elegoose Games,"15 Apr, 2026",windows,Casual|Indie|Massively Multiplayer|Simulation|Sports|Strategy,Multi-player|MMO|PvP|Online PvP|In-App Purchases|Custom Volume Controls|Mouse Only Option|Playable without Timed Input|Save Anytime|Touch Only Option|Family Sharing
2300320,Farming Simulator 25,trending,GIANTS Software,GIANTS Software,"12 Nov, 2024",windows|mac,Simulation,Single-player|Multi-player|Co-op|Online Co-op|Steam Achievements|Full controller support|DualShock Controller Support|DualSense Controller Support|Steam Cloud|Family Sharing
646570,Slay the Spire,personal,Mega Crit,Mega Crit,"23 Jan, 2019",windows|mac|linux,Indie|Strategy,Single-player|Steam Achievements|Full controller support|Steam Trading Cards|Steam Workshop|Adjustable Text Size|Custom Volume Controls|Mouse Only Option|Playable without Timed Input|Save Anytime|Touch Only Option|Steam Cloud|Stats|Steam Leaderboards|Remote Play on Phone|Remote Play on Tablet|Remote Play on TV|Family Sharing
3764200,Resident Evil Requiem,personal,"CAPCOM Co., Ltd.","CAPCOM Co., Ltd.","26 Feb, 2026",windows,Action|Adventure,Single-player|Steam Achievements|Full controller support|Steam Trading Cards|Captions available|DualShock Controller Support|DualShock Controller Support|DualSense Controller Support|DualSense Controller Support|Steam Cloud|HDR available|Family Sharing
1551360,Forza Horizon 5,trending,Playground Games,Xbox Game Studios,"8 Nov, 2021",windows,Action|Adventure|Racing|Simulation|Sports,Single-player|Multi-player|PvP|Online PvP|Co-op|Online Co-op|Cross-Platform Multiplayer|Steam Achievements|Full controller support|Steam Trading Cards|Steam Cloud|HDR available|Family Sharing
3527290,PEAK,personal,Team PEAK,Aggro Crab|Evil Landfall?,"16 Jun, 2025",windows,Action|Adventure|Indie,Single-player|Multi-player|Co-op|Online Co-op|Steam Achievements|Full controller support|Steam Trading Cards|DualShock Controller Support|DualShock Controller Support|DualSense Controller Support|DualSense Controller Support|Family Sharing
2622380,ELDEN RING NIGHTREIGN,trending,"FromSoftware, Inc.","FromSoftware, Inc.|Bandai Namco Entertainment","29 May, 2025",windows,Action|RPG,Single-player|Multi-player|Co-op|Online Co-op|Steam Achievements|Full controller support|Camera Comfort|Custom Volume Controls|Gamepad Recommended|Playable without Timed Input|DualShock Controller Support|DualShock Controller Support|DualSense Controller Support|DualSense Controller Support|Steam Input API Support|Stereo Sound|Surround Sound|Steam Cloud|Family Sharing
1142710,Total War: WARHAMMER III,trending,CREATIVE ASSEMBLY|Feral Interactive,SEGA|Feral Interactive,"16 Feb, 2022",windows|mac|linux,Action|Strategy,Single-player|Multi-player|PvP|Online PvP|LAN PvP|Co-op|Online Co-op|LAN Co-op|Steam Achievements|Steam Trading Cards|Camera Comfort|Color Alternatives|Custom Volume Controls|Adjustable Difficulty|Playable without Timed Input|Save Anytime|Stereo Sound|Surround Sound|Steam Cloud|Family Sharing
261550,Mount & Blade II: Bannerlord,trending,TaleWorlds Entertainment,TaleWorlds Entertainment,"25 Oct, 2022",windows,Action|Indie|RPG|Simulation|Strategy,Single-player|Multi-player|PvP|Online PvP|Steam Achievements|Steam Trading Cards|Steam Workshop|Partial Controller Support|Steam Cloud|Includes level editor|Remote Play on Tablet|Family Sharing
294100,RimWorld,trending,Ludeon Studios,Ludeon Studios,"17 Oct, 2018",windows|mac|linux,Indie|Simulation|Strategy,Single-player|Steam Workshop|Adjustable Text Size|Camera Comfort|Custom Volume Controls|Adjustable Difficulty|Mouse Only Option|Playable without Timed Input|Save Anytime|Partial Controller Support|Steam Cloud|Remote Play on Tablet|Family Sharing
2379780,Balatro,personal,LocalThunk,Playstack,"20 Feb, 2024",windows|mac,Casual|Indie|Strategy,Single-player|Steam Achievements|Full controller support|Steam Trading Cards|Color Alternatives|Custom Volume Controls|Mouse Only Option|Playable without Timed Input|DualSense Controller Support|DualSense Controller Support|Touch Only Option|Steam Cloud|Family Sharing
813780,Age of Empires II: Definitive Edition,trending,World's Edge|Forgotten Empires|CaptureAge|Tantalus Media|Wicked Witch|Feral Interactive,Xbox Game Studios,"14 Nov, 2019",windows|mac,Strategy,Single-player|Multi-player|PvP|Online PvP|LAN PvP|Co-op|Online Co-op|LAN Co-op|Cross-Platform Multiplayer|Steam Achievements|Steam Trading Cards|Adjustable Text Size|Color Alternatives|Custom Volume Controls|Adjustable Difficulty|Mouse Only Option|Narrated Game Menus|Playable without Timed Input|Save Anytime|Steam Cloud|Includes level editor|Family Sharing
